annual_tree_mg_m2,annual_soil_mg_m2,annual_plot_mg_m2
1.2526328641148163,-904.3031286211367,-903.0504957570218
