"Species","Species_Name","n","dip_p","delta_AIC","bimodal"
"PIST","Pinus strobus",2840,0,1348.91070232448,TRUE
"KALA","Kalmia latifolia",1899,0,279.665953701681,TRUE
"TSCA","Tsuga canadensis",966,0.834560200919432,453.48045605714,FALSE
"BELE","Betula lenta",802,1.51674733920304e-05,442.576279396789,TRUE
"ACRU","Acer rubrum",214,0.99346768767188,24.3036530478563,FALSE
"QURU","Quercus rubra",97,0.387424893383616,-3.76871154638906,FALSE
"BEAL","Betula alleghaniensis",65,0.994148791087555,39.0052482303439,FALSE
"ACSA","Acer saccharum",57,0.30205811919853,-1.01182386951673,FALSE
