"month","type","mean_flux","median_flux","sd_flux","n_trees","month_name"
4,"Soil",-1.08376911854874,-1.28176753627658,0.352141077918616,NA,"April"
4,"Tree",0.0183341992903994,0.0159020078730137,0.00535363829058106,7965,"April"
7,"Soil",-0.541391313533623,-0.676669153143271,0.579560193163095,NA,"July"
7,"Tree",0.0631789808310471,0.0586959396508667,0.00772795086039029,7965,"July"
9,"Soil",-1.6515661812957,-1.77712500214808,0.330249524152982,NA,"September"
9,"Tree",0.0277489233000268,0.0275382071843126,0.000751677536832925,7965,"September"
12,"Soil",-0.813500361923865,-0.874533359594685,0.292611762082985,NA,"December"
12,"Tree",0.0164230123793182,0.0137588473619626,0.00562970661149686,7965,"December"
