"Variable","Direction","Slope","Effect_Size","Standardized_Effect","Linearity_R2","Linearity_Type","Threshold_Detected","Min_Pred","Max_Pred"
"log_mcra_heart","Negative",-0.0158578613667382,0.116975175123751,-0.0183133166302803,0.4481931087742,"Strongly nonlinear",TRUE,0.10467581924433,0.221650994368081
"log_methanotroph_sap","Negative",-0.031701079040675,0.0749883926725513,-0.0165831141448557,0.738744959145622,"Moderately nonlinear",TRUE,0.113935635938605,0.188924028611156
"log_mcra_sap","Positive",0.014842037962279,0.087210473848476,0.0175278128018427,0.523218007180057,"Strongly nonlinear",TRUE,0.11619909386241,0.203409567710886
"log_soil_mcra","Positive",0.007300515802216,0.0790890266565881,0.00851202500197732,0.416348879855559,"Strongly nonlinear",TRUE,0.112946403924374,0.192035430580962
"log_pmoa_sap","Negative",-0.0119953886223033,0.0611004717366303,-0.00831470366994424,0.418693004934974,"Strongly nonlinear",TRUE,0.116920038958179,0.178020510694809
"log_mmox_sap","Negative",-0.0253837003382777,0.078960794185393,-0.00943301989746105,0.726140882655244,"Moderately nonlinear",TRUE,0.114451245653214,0.193412039838607
