"Model","Var_Explained","MSE"
"Separate pmoA+mmoX",31.0479318444064,0.0646209491991572
"Combined sum",33.6779238246342,0.0652996130598197
