"n_trees","cor_pmoa","cor_mmox","cor_mcra",".groups"
159,-0.095736772326016,-0.116214893906441,0.037251301752169,"drop"
