"term","estimate","std.error","statistic","p.value","conf.low","conf.high"
"log_tree_mmox",-0.355952105896053,0.127063790100138,-2.80136540564019,0.0060596224085988,-0.607896129652894,-0.104008082139211
