"species","species_full","n_trees","mean_flux","median_flux","sd_flux","cv_flux","min_flux","max_flux","q25_flux","q75_flux","iqr_flux"
"BEAL","Betula alleghaniensis",90,0.0334832299085272,0.0329370468631205,0.00441992134165222,13.200403168174,0.0280596750952299,0.0403171963408921,0.0289687137371755,0.0371462001546212,0.00817748641744567
"TSCA","Tsuga canadensis",1253,0.0314554558126795,0.0291477115646588,0.00417403671531072,13.2696748702913,0.0280332323216484,0.0403543632965735,0.028258733175252,0.0334215559685824,0.00516282279333032
"ACRU","Acer rubrum",250,0.0310731847842595,0.0291300548650672,0.0037468714486769,12.0582150645045,0.0280395848368232,0.0402659466498861,0.028277881910971,0.0329370468631205,0.00465916495214951
"ACSA","Acer saccharum",69,0.0303443152976169,0.0289488044532905,0.00303364257370587,9.99739998728564,0.0280332323216484,0.0400380156465146,0.0282822626672123,0.0320217744343424,0.00373951176713001
"QURU","Quercus rubra",120,0.0298208702650374,0.028720976947475,0.00265847030708548,8.91479786960587,0.0280332323216484,0.0402292852242429,0.0282262765710121,0.0300770687981721,0.00185079222715992
"BELE","Betula lenta",851,0.0290500552178249,0.0287046907574089,0.00176429037242453,6.07327717346978,0.0280346027048305,0.0398662603291833,0.0282467535678843,0.0289682994970043,0.000721545929119993
"PIST","Pinus strobus",3297,0.0290402602841731,0.0282862956789942,0.00205965839400723,7.09242401360205,0.0280332323216484,0.0403543632965735,0.0282044763053168,0.0289700866498054,0.000765610344488649
