id1,id2,similarity
wp bernice,wpbernice,0.9733333333333333
ab6',ab 6',0.9466666666666667
