annual_tree_mg_m2,annual_soil_mg_m2,annual_plot_mg_m2
1.3171740365517894,-910.3463896452188,-909.0292156086672
